{
  "framework": "dubbo-go",
  "payload_size": 1024,
  "serialization": "protobuf",
  "compression": "none",
  "concurrency": 50,
  "call_mode": "unary",
  "timestamp": "2026-07-22 18:12:50",
  "qps": 17277.023410011425,
  "success_rate": 99.99518372175012,
  "total_requests": 1038146,
  "success_requests": 1038096,
  "failure_requests": 50,
  "latency_p50_ms": 2.852541,
  "latency_p90_ms": 3.263791,
  "latency_p95_ms": 3.411792,
  "latency_p99_ms": 3.693792,
  "latency_min_ms": 0.706333,
  "latency_max_ms": 13.464583,
  "latency_avg_ms": 2.888366,
  "cpu_avg_percent": 364.66571428571433,
  "memory_peak_mb": 69.6875
}