{
  "framework": "dubbo-go",
  "payload_size": 1024,
  "serialization": "protobuf",
  "compression": "none",
  "concurrency": 100,
  "call_mode": "unary",
  "timestamp": "2026-07-22 18:14:05",
  "qps": 16788.703194226888,
  "success_rate": 99.99028736515048,
  "total_requests": 1008995,
  "success_requests": 1008897,
  "failure_requests": 98,
  "latency_p50_ms": 5.889584,
  "latency_p90_ms": 6.479042,
  "latency_p95_ms": 6.660792,
  "latency_p99_ms": 7.0865,
  "latency_min_ms": 1.644542,
  "latency_max_ms": 29.126875,
  "latency_avg_ms": 5.945273,
  "cpu_avg_percent": 378.0085714285713,
  "memory_peak_mb": 75.859375
}