{
  "framework": "dubbo-go",
  "payload_size": 128,
  "serialization": "protobuf",
  "compression": "none",
  "concurrency": 100,
  "call_mode": "unary",
  "timestamp": "2026-07-22 18:11:35",
  "qps": 19821.564681087013,
  "success_rate": 99.99168970186176,
  "total_requests": 1191293,
  "success_requests": 1191194,
  "failure_requests": 99,
  "latency_p50_ms": 4.96975,
  "latency_p90_ms": 5.542459,
  "latency_p95_ms": 5.744209,
  "latency_p99_ms": 6.377417,
  "latency_min_ms": 0.915291,
  "latency_max_ms": 31.359583,
  "latency_avg_ms": 5.035279,
  "cpu_avg_percent": 332.1942857142859,
  "memory_peak_mb": 69.640625
}