{
  "framework": "dubbo-go",
  "payload_size": 16384,
  "serialization": "protobuf",
  "compression": "none",
  "concurrency": 50,
  "call_mode": "unary",
  "timestamp": "2026-07-22 18:15:20",
  "qps": 9771.078106437439,
  "success_rate": 99.99182201989294,
  "total_requests": 586942,
  "success_requests": 586894,
  "failure_requests": 48,
  "latency_p50_ms": 5.071833,
  "latency_p90_ms": 5.809625,
  "latency_p95_ms": 6.029541,
  "latency_p99_ms": 6.504584,
  "latency_min_ms": 1.242042,
  "latency_max_ms": 28.311167,
  "latency_avg_ms": 5.109887,
  "cpu_avg_percent": 486.67857142857156,
  "memory_peak_mb": 81
}