{
  "framework": "dubbo-go",
  "payload_size": 16384,
  "serialization": "protobuf",
  "compression": "none",
  "concurrency": 100,
  "call_mode": "unary",
  "timestamp": "2026-07-22 18:16:35",
  "qps": 8681.131056164728,
  "success_rate": 99.98101928364093,
  "total_requests": 521582,
  "success_requests": 521483,
  "failure_requests": 99,
  "latency_p50_ms": 11.095583,
  "latency_p90_ms": 14.628042,
  "latency_p95_ms": 15.934667,
  "latency_p99_ms": 18.766333,
  "latency_min_ms": 2.855875,
  "latency_max_ms": 51.605916,
  "latency_avg_ms": 11.503524,
  "cpu_avg_percent": 452.6371428571428,
  "memory_peak_mb": 84.796875
}