{
  "framework": "grpc",
  "payload_size": 128,
  "serialization": "protobuf",
  "compression": "none",
  "concurrency": 100,
  "call_mode": "unary",
  "timestamp": "2026-07-22 18:21:36",
  "qps": 130900.92045384643,
  "success_rate": 99.9988639672762,
  "total_requests": 7922307,
  "success_requests": 7922217,
  "failure_requests": 90,
  "latency_p50_ms": 0.704417,
  "latency_p90_ms": 1.080375,
  "latency_p95_ms": 1.183166,
  "latency_p99_ms": 1.406417,
  "latency_min_ms": 0.104792,
  "latency_max_ms": 10.942459,
  "latency_avg_ms": 0.754783,
  "cpu_avg_percent": 410.85285714285715,
  "memory_peak_mb": 33.640625
}