{
  "framework": "grpc",
  "payload_size": 1024,
  "serialization": "protobuf",
  "compression": "none",
  "concurrency": 100,
  "call_mode": "unary",
  "timestamp": "2026-07-22 18:24:07",
  "qps": 118612.3191839636,
  "success_rate": 99.99894068741581,
  "total_requests": 7174464,
  "success_requests": 7174388,
  "failure_requests": 76,
  "latency_p50_ms": 0.795875,
  "latency_p90_ms": 1.171709,
  "latency_p95_ms": 1.264334,
  "latency_p99_ms": 1.487792,
  "latency_min_ms": 0.069417,
  "latency_max_ms": 39.14825,
  "latency_avg_ms": 0.83371,
  "cpu_avg_percent": 437.21285714285705,
  "memory_peak_mb": 35.6875
}