{
  "framework": "grpc",
  "payload_size": 128,
  "serialization": "protobuf",
  "compression": "none",
  "concurrency": 50,
  "call_mode": "unary",
  "timestamp": "2026-07-22 18:20:21",
  "qps": 112988.12473896788,
  "success_rate": 99.9995753310697,
  "total_requests": 6828849,
  "success_requests": 6828820,
  "failure_requests": 29,
  "latency_p50_ms": 0.414917,
  "latency_p90_ms": 0.635417,
  "latency_p95_ms": 0.717583,
  "latency_p99_ms": 0.896375,
  "latency_min_ms": 0.030291,
  "latency_max_ms": 12.93275,
  "latency_avg_ms": 0.436988,
  "cpu_avg_percent": 353.8514285714286,
  "memory_peak_mb": 33.046875
}