{
  "framework": "grpc",
  "payload_size": 1048576,
  "serialization": "protobuf",
  "compression": "none",
  "concurrency": 50,
  "call_mode": "unary",
  "timestamp": "2026-07-22 18:27:53",
  "qps": 1825.0083387838613,
  "success_rate": 99.9543691535478,
  "total_requests": 109575,
  "success_requests": 109525,
  "failure_requests": 50,
  "latency_p50_ms": 28.623334,
  "latency_p90_ms": 37.3815,
  "latency_p95_ms": 38.677083,
  "latency_p99_ms": 41.319958,
  "latency_min_ms": 3.392792,
  "latency_max_ms": 72.603375,
  "latency_avg_ms": 27.380864,
  "cpu_avg_percent": 315.33857142857147,
  "memory_peak_mb": 217.671875
}