{
  "framework": "grpc",
  "payload_size": 1024,
  "serialization": "protobuf",
  "compression": "none",
  "concurrency": 50,
  "call_mode": "unary",
  "timestamp": "2026-07-22 18:22:52",
  "qps": 106665.64266147788,
  "success_rate": 99.99923992237902,
  "total_requests": 6446710,
  "success_requests": 6446661,
  "failure_requests": 49,
  "latency_p50_ms": 0.438916,
  "latency_p90_ms": 0.679666,
  "latency_p95_ms": 0.756417,
  "latency_p99_ms": 0.9285,
  "latency_min_ms": 0.066333,
  "latency_max_ms": 6.870208,
  "latency_avg_ms": 0.463072,
  "cpu_avg_percent": 387.55714285714294,
  "memory_peak_mb": 33.5625
}